Cluster,A1_Score,A2_Score,A3_Score,A4_Score,A5_Score,A6_Score,A7_Score,A8_Score,A9_Score,A10_Score,age,gender,jaundice,autism,result,relation_2.0,relation_3.0,ethnicity_Asian,ethnicity_Black,ethnicity_Hispanic
0,-0.08000188119436626,-0.06966425825855929,-0.20017449165406231,-0.3197730828428492,-0.2669971508161407,-0.3470375914394141,-0.2311667798775443,0.008686556134297111,-0.22256098581650188,-0.1596555046785203,22.61572773306259,0.22321276632482126,-0.2340490120092846,0.15879174536794438,5.9337493969027335,0.22891513671054176,0.19364384675780053,0.3208295964023349,-0.046241656933317006,-0.2722639958406611
1,0.578186148546836,0.35765265127995133,0.23657285546310625,0.14355767418949608,0.14272557971467872,-0.06802689258536707,0.14152107633381086,0.48786244175176047,0.34453010924055455,0.6910420489133486,26.286637193111307,0.21468651035057446,-0.2919412475849318,0.3409158501588875,8.60841103099378,0.2383916278628591,0.15713350291102451,0.2093698195866286,-0.046241656933317006,-0.27419532529886237
2,0.4716261875540425,0.5555761851097385,0.28103331379183955,0.18465959618430092,0.22258213336306376,0.015139758034589255,0.25081370278875376,0.4146175356638135,0.41014395494963546,0.7649255153877826,25.356594923471096,0.3080265757528553,0.5660413081327953,0.5685709811475663,9.030952060189618,0.2654673168694801,0.15713350291102451,0.11521746153112514,0.008492258824883784,-0.2842976640032997
